1;Alonso@Hopkins;Caleb;!2303;}160716;760832;452 Cobblestone St.;;Global Gillette;Reporter;(970 383/8933;skippy@icloud.com;001-happy-18.png;;1/13/19;7/3/27;B;56 40;613073;WBAKG7C54DJ746310;BMW;1-Series;2009;1794;116;3;front-wheel drive
2;Kaydence@Sellers;Susannah;!5563;}160745;807042;Hyattsville, MD 20782;;Coca-Cola;Elementary School Teacher;(867 708/4447;isotopian@sbcglobal.net;002-cool-5.png;;8/2/18;9/21/23;B;74 65;904246;JN1CV6APXCM884333;BMW;1-Series;2018;1523;118;3;front-wheel drive
3;Finnegan@Bray;Brighton;!3719;}717453;83282;9648 Philmont Lane;;Harley-Davidson Motor Company;Childcare worker;(221 428/7850;isaacson@att.net;003-happy-17.png;;12/31/18;1/25/25;B, A;67 50;769897;2C4RDGCG2FR292116;BMW;2-Series;1994;1750;120;2;front-wheel drive
4;Gideon@Arias;Varian;!5810;}721066;768289;Hanover Park, IL 60133;;Corona;Loan Officer;(786 274/7872;mugwump@mac.com;004-surprised-9.png;;2/26/19;10/30/21;B;44 67;967541;2HNYD2H46CH088623;BMW;1-Series;1991;1799;127;2;front-wheel drive
5;Case@Schultz;Aiden;!2208;}937197;780691;8438 North Fairground Court;;Johnnie Walker;Drafter;(365 752/6445;mcmillan@optonline.net;005-shocked-4.png;;3/12/19;6/3/25;B;93 60;117922;KNAFU5A29D5373281;BMW;New Class 1602, 1802, 2002;2016;1791;128;1;front-wheel drive
6;Pierre@Alvarado;Harriet;!7184;}275223;845839;Woodstock, GA 30188;;SAP;Cost Estimator;(446 639/6043;dinther@hotmail.com;006-shocked-3.png;;5/29/18;7/15/21;B;96 40;750187;1FTMF1E84AK129978;BMW;3-Series;2006;1637;129;1;front-wheel drive
7;Esteban@Bell;Cameron;!9563;}574791;94009;148 Catherine Dr.;;Smirnoff;Clinical Laboratory Technician;(555 444/8316;pizza@yahoo.com;007-nervous-2.png;;9/20/18;7/10/19;B, A;11 48;615982;WBAKE5C5XCJ498380;BMW;3-Series, M3;2016;1483;133;1;full drive
8;Spencer@Anderson;Meaghan;!9008;}379623;674783;Lithonia, GA 30038;;Toyota Motor Corporation;Electrician;(392 682/4442;murty@outlook.com;008-nervous-1.png;;6/21/18;11/18/22;B;61 61;864298;JTHFF2C27F2931205;BMW;3-Series, M3;2008;1574;145;3;front-wheel drive
9;Seth@Sweeney;Jax;!3810;}530169;845247;708 6th Drive;;Caterpillar Inc.;Referee;(836 429/0386;aegreene@me.com;009-angry-6.png;;5/14/19;11/18/20;B;95 66;936083;WBABW33455P972485;BMW;3-Series, M3;1996;1753;170;2;front-wheel drive
10;Lincoln@Mason;Emeline;!5387;}689700;252988;Egg Harbor Township, NJ 08234;;Avon;Judge;(283 945/3092;jnolan@aol.com;010-drool.png;;2/28/19;10/15/19;B;17 54;167771;5FNRL5H2XCB183642;BMW;3-Series, M3;2009;1409;180;1;front-wheel drive
11;Lindsay@Curtis;Syllable;!1152;}481271;777867;8992 Union Rd.;;Budweiser Stag Brewing Company;Security Guard;(621 359/3669;msherr@optonline.net;011-tired-2.png;;6/23/18;6/14/22;B;89 65;820437;JTEBU4BF9DK234908;BMW;3-Series, M3;2018;1729;201;3;front-wheel drive
12;Noah@Daugherty;Thomas;!2924;}764363;504859;Villa Park, IL 60181;;IBM;Budget analyst;(440 561/0314;ranasta@icloud.com;012-tongue-7.png;;2/1/19;5/6/27;B;13 45;505754;1G6DM577280903075;BMW;4-Series, M4;2010;1711;202;2;front-wheel drive
13;Darien@Sellers;Nadeen;!5110;}869140;779085;12 Windsor St.;;Chase;Painter;(331 918/2434;punkis@hotmail.com;013-tongue-6.png;;4/11/19;1/8/20;B;68 45;157412;1GYFC43539R480716;BMW;3-Series, M3;2001;1748;203;3;front-wheel drive
14;Jaylene_Schneider;Xavier;!6948;}84332;144573;Waynesboro, PA 17268;;NTT Data;Occupational Therapist;(944 627/0176;pereinar@yahoo.com;014-tongue-5.png;;10/20/18;8/28/21;B;37 63;724944;1N6AA0CJ3FN926889;BMW;4-Series, M4;1995;1761;204;3;front-wheel drive
15;Leonard_Schmitt;Vincent;!7045;}366325;864380;549 Lake View Dr.;;Intel Corporation;Physical Therapist;(621 405/7195;tskirvin@mac.com;015-smile-1.png;;11/4/18;8/18/20;B;57 53;428231;2T1BURHE6EC080516;BMW;3-Series GT;2009;1574;210;3;full drive
16;Maya_Richardson;Heath;!7100;}947091;265294;Garland, TX 75043;;Sony;Photographer;(837 639/1067;kewley@sbcglobal.net;016-sleeping-1.png;;8/23/18;1/30/24;B;21 59;855910;WBA3T7C57FP608583;BMW;New Class 1500, 1600, 1800, 2000;2002;1495;215;1;front-wheel drive
17;Thalia_Delacruz;Caprice;!9169;}340517;137788;314 N. Gulf Lane;;Tesco Corporation;Cashier;(769 610/7084;ehood@icloud.com;017-nervous.png;;2/8/19;8/16/24;B;57 71;562291;5FNYF3H48FB049614;BMW;5-Series;2004;1569;217;2;front-wheel drive
18;Maci_Baird;Dustin;!3097;}188032;340075;Hollywood, FL 33020;;Microsoft;Educator;(308 686/7622;ilial@aol.com;018-surprised-8.png;;12/31/18;10/3/23;B, A;95 50;828023;WVWGD7AJ7EW053317;BMW;5-Series, M5;2008;1705;223;3;front-wheel drive
19;Ace_Stephenson;Amity;!7796;}170860;531408;3 Cooper Street;;McDonald's;Professional athlete;(319 872/3287;elmer@comcast.net;019-tongue-4.png;;8/5/18;1/24/28;B;22 69;366545;JM1NC2LF0E0131767;BMW;5-Series, M5;1998;1585;228;3;full drive
20;Robert_Castro;Isaiah;!5001;}550223;912556;Coventry, RI 02816;;VISA;Janitor;(341 620/5356;scarolan@live.com;020-happy-16.png;;12/9/18;4/19/20;B;34 49;882286;1FTSW2A50AE633032;BMW;5-Series, M5;1993;1493;233;1;front-wheel drive
21;Efrain_Stark;Jared;!4204;}741281;838795;53 E. Marvon St.;;Zara;Massage Therapist;(266 561/7456;bwcarty@yahoo.com;021-wink-1.png;;11/22/18;6/14/20;B;34 53;766347;2C3CCAKT5CH834724;BMW;5-Series, M5;2019;1633;235;2;front-wheel drive
22;Katelynn_Montgomery;Drake;!1209;}731500;520544;Jamaica Plain, MA 02130;;Morgan Stanley;Psychologist;(408 673/0059;facet@outlook.com;022-laughing-2.png;;12/11/18;8/22/27;B;22 52;107095;1FMJU1F5XAE067185;BMW;X7;2004;1557;236;3;front-wheel drive
23;Sammy_Freeman;Lane;!1085;}749551;902946;15 Indian Summer St.;;Mitsubishi;IT Manager;(906 825/5704;metzzo@att.net;023-laughing-1.png;;2/11/19;5/2/28;B;22 59;191387;5TFBY5F18AX095253;Cadillac;Cimarron;1994;1539;245;1;front-wheel drive
24;Jamal_Stokes;Rayleen;!7125;}277444;684826;Canton, GA 30114;;Audi;Anthropologist;(866 732/4338;slaff@aol.com;024-sweat-1.png;;2/12/19;2/26/28;B;55 67;914299;WAUVC68E55A439175;Cadillac;BLS;2005;1471;276;1;front-wheel drive
25;Lilliana_Bell;Quintin;!4858;}465200;299125;1 Rockville Ave.;;eBay;Executive Assistant;(744 876/9856;caidaperl@mac.com;025-happy-15.png;;6/28/18;6/14/25;B;37 55;538095;3D73M4CL0AG485600;Cadillac;ATS;2013;1500;277;3;front-wheel drive
26;Jaidyn_Ali;Kaitlin;!9255;}131955;623940;Piedmont, SC 29673;;Ralph Lauren Corporation;Artist;(872 230/3310;jigsaw@verizon.net;026-happy-14.png;;5/23/18;2/17/27;B, A;23 65;140143;3D73M3CL4BG992821;Cadillac;ELR;1998;1750;280;1;full drive
27;Solomon_Nixon;Jolee;!3965;}425455;243802;154 Galvin Ave.;;Wal-Mart;Mechanical Engineer;(572 467/2895;hoyer@optonline.net;027-laughing.png;;10/9/18;11/2/19;B;76 44;231262;2HNYD18214H913977;Cadillac;Catera;1992;1586;286;3;front-wheel drive
28;Isaias_Mcdowell;Kalan;!4368;}409875;697427;Savannah, GA 31404;;Panasonic Corporation;Firefighter;(451 768/6075;danneng@msn.com;028-happy-13.png;;6/6/18;6/20/20;B;71 80;465917;1G6DJ5E34C0750992;Cadillac;CTS;2005;1455;295;2;front-wheel drive
29;Neveah_Dean;Evony;!9283;}299023;503601;56 Annadale Dr.;;Nike, Inc.;Carpenter;(555 802/6671;burniske@outlook.com;029-happy-12.png;;2/13/19;3/19/21;B;88 54;797589;3VW217AU7FM147306;Cadillac;CTS;2004;1795;311;3;front-wheel drive
30;Koen_Waters;Abraham;!4065;}664366;732787;Lititz, PA 17543;;Nissan Motor Co., Ltd.;Actuary;(833 460/5788;jipsen@sbcglobal.net;030-crying-8.png;;6/25/18;11/5/22;B;92 43;289084;1FMJU1J56AE113733;Cadillac;CTS;1997;1445;340;1;front-wheel drive
31;Cale_Odom;Ann;!4877;}252066;650754;7285 Locust Drive;;MTV;Compliance Officer;(234 895/8976;agapow@hotmail.com;031-crying-7.png;;2/15/19;6/24/25;B;24 57;286769;JN1CV6AP0CM243398;Cadillac;Series 60;1999;1433;345;2;front-wheel drive
32;Layton_Ruiz;Aryn;!8656;}317830;924502;Jackson Heights, NY 11372;;Cartier SA;Computer Systems Administrator;(682 469/8567;mobileip@icloud.com;032-bored.png;;8/15/18;8/25/24;B;90 62;811272;1FTWW3B5XAE601405;Cadillac;Series 61;2000;1459;370;1;front-wheel drive
33;Monserrat_Patrick;Coralie;!1583;}513755;670778;935 West Ave.;;Nescaf_;HR Specialist;(682 555/7940;mglee@yahoo.com;033-cool-4.png;;1/5/19;6/11/21;B;81 60;668818;WBASN2C55AC523024;Cadillac;Series 61;2000;1504;371;1;front-wheel drive
34;Kamden_Hardin;Ray;!2179;}517256;939472;Columbus, GA 31904;;Allianz;Recreation & Fitness Worker;(575 985/7625;animats@yahoo.ca;034-angry-5.png;;9/25/18;10/7/27;B;49 54;493125;NM0KS9BNXBT830533;Cadillac;Series 61;1991;1401;373;3;front-wheel drive
35;Janiya_Neal;Irene;!5244;}495362;172365;720 Summerhouse Street;;Ferrari S.p.A.;Financial Advisor;(313 507/8540;drewf@me.com;035-sad-14.png;;9/19/18;4/8/28;B;28 58;111698;1C4RJEAG6FC571030;Cadillac;Series 61;2015;1677;377;2;front-wheel drive
36;Cornelius_Winters;James;!9584;}586486;424571;Maryville, TN 37803;;Kleenex;Auto Mechanic;(608 783/0267;slanglois@msn.com;036-angry-4.png;;11/14/18;9/10/26;B;62 68;279896;WBS3R9C51FF196091;Cadillac;Series 65;2001;1596;383;3;front-wheel drive
37;Kaden_Love;Neil;!1850;}453434;478037;139 N. Grand St.;;Tiffany & Co.;Web Developer;(688 656/7203;notaprguy@verizon.net;037-happy-11.png;;12/16/18;7/25/22;B;31 69;987280;1G4HD57238U904159;Cadillac;Series 62;1993;1583;385;2;front-wheel drive
38;Finley_Mills;Ace;!4286;}976952;843098;Irwin, PA 15642;;3M;Civil Engineer;(530 402/7915;yruan@sbcglobal.net;038-angry-3.png;;8/30/18;6/4/19;B, A;62 57;783363;1HGCP2E46AA778977;Cadillac;Series 62;2019;1417;387;3;front-wheel drive
39;Markus_Henry;Edward;!2767;}784535;900432;400 Amerige St.;;Shell Oil Company;Chemist;(262 635/2834;bmorrow@me.com;039-cyclops-1.png;;6/24/18;1/27/28;B, A;71 46;913695;WAUBGAFB1AN276966;Cadillac;Series 62;1992;1423;399;1;front-wheel drive
40;Romeo_Singleton;Preston;!7677;}990002;425361;Evans, GA 30809;;Adobe Systems;Recreational Therapist;(487 957/3536;adillon@verizon.net;040-surprised-7.png;;2/17/19;5/15/26;B, A;90 66;607418;WAUDF48H97A496239;Cadillac;Series 62;2002;1652;403;2;front-wheel drive
41;Ethen_Glenn;Kate;!6342;}37367;815003;225 Iroquois St.;;IKEA;Microbiologist;(918 285/4740;kimvette@me.com;041-thinking-2.png;;9/1/18;1/25/23;B, A;37 48;951841;5UXFG83558L839159;Cadillac;Series 62;2016;1777;406;1;front-wheel drive
42;Abbey_Gordon;Berlynn;!8909;}475995;60302;Vienna, VA 22180;;Nokia;Event Planner;(412 706/8937;emcleod@outlook.com;042-book.png;;10/13/18;9/26/22;B, A;95 70;754064;1FMJK1J51AE558998;Cadillac;6200;2000;1426;408;3;rear drive
43;Presley_Vasquez;Sheridan;!9144;}720543;529399;44 Ocean Ave.;;Sprite;Coach;(454 353/8089;stomv@aol.com;043-baby-boy.png;;10/25/18;9/16/23;B, A;81 74;301902;SCFBF03B27G582917;Cadillac;6200;2012;1629;415;2;front-wheel drive
44;Alexis_Levine;Juan;!6021;}143882;191499;Long Beach, NY 11561;;Xerox;Radiologic Technologist;(623 716/7237;msusa@comcast.net;044-dead-1.png;;9/24/18;5/23/23;B, A;98 73;370750;WAUCFAFH0AN942677;Cadillac;Series 60 (Sixty Special);2002;1438;416;1;front-wheel drive
45;Steve_Miles;Lydon;!4607;}499410;292234;192 West Foster St.;;Samsung Group;Market Research Analyst;(594 615/8545;dougj@yahoo.com;045-star.png;;10/7/18;1/8/21;B, A;92 63;836793;JN8CS1MU3EM315101;Cadillac;Series 60 (Sixty Special);1999;1724;417;1;front-wheel drive
46;Kayley_Cuevas;Tyson;!4676;}263545;194258;Long Branch, NJ 07740;;Google;Housekeeper;(647 885/2301;jlbaumga@gmail.com;046-dubious.png;;1/30/19;1/8/24;B, A;85 67;433962;1D7RE3BK7AS869215;Cadillac;Fleetwood Brougham;1992;1434;425;2;front-wheel drive
47;Annabelle_Hebert;Annora;!6571;}27113;415905;43 SE. Cross Court;;Louis Vuitton;Computer Programmer;(822 693/3953;temmink@mac.com;047-phone-call.png;;2/11/19;7/20/19;B, A;68 53;739807;5N1AA0NC5EN749211;Cadillac;Brougham;1995;1459;427;1;front-wheel drive
48;Carolina_Casey;Timothy;!2307;}511412;598986;Centereach, NY 11720;;Apple Inc.;Secretary;(887 236/8493;nighthawk@msn.com;048-moon.png;;1/26/19;8/13/21;B, A;84 59;127815;3D7TT2CT1BG470774;Cadillac;Fleetwood;2015;1460;428;1;front-wheel drive
49;Beckham_Roach;Elias;!4756;}956293;906312;946 Yukon Lane;;Verizon Communications;Bus Driver;(531 597/0196;qmacro@outlook.com;049-robot.png;;6/17/18;4/19/20;B, A;65 58;972443;WBA3V5C5XFP343527;Cadillac;Fleetwood;1997;1583;445;3;front-wheel drive
50;Seamus_Pugh;Jackson;!4693;}133588;989757;Winter Springs, FL 32708;;Credit Suisse;Systems Analyst;(506 774/1574;stewwy@att.net;050-flower.png;;3/21/19;3/11/28;B, A;11 79;215392;1G6DE5E5XC0016413;Cadillac;Series 75;1997;1601;446;1;front-wheel drive
51;Imani_Calderon;Sullivan;!7598;}90859;46335;330 Poplar Lane;;Wells Fargo;Chef;(639 813/8035;blixem@msn.com;051-happy-10.png;;11/29/18;3/22/24;B;47 50;682392;1FTSF3A50AE770400;Cadillac;Series 75;2006;1505;447;3;front-wheel drive
52;Marisol_Roach;Dezi;!2416;}240325;245515;Titusville, FL 32780;;Yahoo!;Registered Nurse;(883 455/5204;mccurley@optonline.net;052-happy-9.png;;3/14/19;10/2/24;B;57 80;704668;1FTEX1CM5BK565807;Cadillac;Series 75;2009;1518;448;2;front-wheel drive
53;Kane_Jacobson;Emerson;!3896;}957754;368276;626 Leatherwood St.;;Porsche;Surveyor;(833 914/4764;jacks@mac.com;053-tired-1.png;;9/26/18;10/9/21;B;83 51;612336;1G6AH5S31F0348385;Cadillac;Series 75;1998;1781;449;3;front-wheel drive
54;Anya_Higgins;Erin;!6573;}581276;372963;Lynn, MA 01902;;Mo_t et Chandon;Urban Planner;(810 945/3933;nwiger@att.net;054-ugly-3.png;;2/25/19;4/15/20;B;88 48;700693;1N4AB7APXDN538514;Cadillac;Series 75;1999;1404;456;3;front-wheel drive
55;Branson_Richard;Linnea;!2225;}886655;446339;9971 N. Rockville Avenue;;Hyundai;Middle School Teacher;(995 610/9002;muadip@me.com;055-tongue-3.png;;10/17/18;7/4/22;B;45 56;360521;3C6LD4AT3CG450587;Cadillac;Series 75;2012;1744;458;1;front-wheel drive
56;Kyle_Mathis;Raine;!8966;}340666;490162;Duluth, GA 30096;;Honda Motor Company, Ltd;Speech-Language Pathologist;(394 581/3937;gavinls@yahoo.com;056-vampire.png;;10/13/18;11/13/25;D, C;35 50;716066;3GYFNCEY2BS887540;Cadillac;Series 75;1994;1468;460;3;front-wheel drive
57;Jamiya_Cross;Trevor;!1754;}958143;246531;9542 Sutor Drive;;Beko;Personal Care Aide;(732 375/2363;nicktrig@me.com;057-music-1.png;;1/4/19;8/18/25;B;44 43;378433;1GYS4FEJ9CR310756;Cadillac;Series 75;2019;1535;464;2;front-wheel drive
58;Selah_Keller;Merle;!4434;}406702;268770;Phoenixville, PA 19460;;Deere & Company;Database administrator;(587 444/2070;lbecchi@me.com;058-popcorn.png;;12/31/18;4/19/25;B;70 44;504351;WAUBFCFL8CN296660;Cadillac;Series 75;1996;1573;480;2;front-wheel drive
59;Larry_Watson;Blayne;!4859;}211563;898596;299 E. George St.;;Volkswagen Group;Art Director;(845 438/1802;willg@att.net;059-nurse.png;;3/16/19;8/16/25;B;44 65;130693;2T1BURHE5EC940812;Cadillac;Series 75;2018;1679;481;3;front-wheel drive
60;Braeden .Shea;Abe;!5348;}104186;316595;Westport, CT 06880;;Pampers;Landscaper & Groundskeeper;(320 478/3865;rnelson@yahoo.com;060-sad-13.png;;12/24/18;7/11/21;D, C;87 44;923347;WAULT58EX5A470410;Cadillac;Fleetwood Limousine;2016;1604;487;1;front-wheel drive
61;Allisson .Woodard;Joan;!9216;}132859;635754;7671 Tunnel Street;;BlackBerry;Court Reporter;(486 828/8733;roesch@aol.com;061-graduated-1.png;;8/12/18;7/30/20;D, C;83 78;995967;JN8AF5MR7ET518545;Cadillac;Fleetwood 75;2013;1614;498;3;front-wheel drive
62;Amy .Garner;Tanner;!6127;}199319;509105;Fair Lawn, NJ 07410;;Jack Daniel's;Bookkeeping clerk;(497 215/8724;pthomsen@verizon.net;062-happy-8.png;;1/7/19;4/27/26;D, C;99 73;996427;WAUAC48H96K683520;Cadillac;Eldorado;2011;1649;509;1;rear drive
63;Saniyah .Choi;Debree;!1102;}719495;815229;41 Harvard Drive;;Facebook, Inc.;Landscape Architect;(399 887/3591;itstatus@yahoo.ca;063-hungry.png;;1/6/19;6/15/22;D, C;71 53;413313;WAUHGAFC8FN632100;Cadillac;Eldorado;2017;1711;601;3;front-wheel drive
64;Reagan .Simmons;Sharon;!2020;}814747;470174;Windsor, CT 06095;;United Parcel Service;College Professor;(205 278/4756;marcs@verizon.net;064-police.png;;5/18/19;10/19/26;D, C;43 43;983635;WAUWFBFL6AA160138;Cadillac;Eldorado;2017;1406;602;2;front-wheel drive
65;Coby .Robertson;Juliet;!4083;}683928;133197;7219 Prospect Drive;;Adidas;Respiratory Therapist;(260 814/7458;tellis@yahoo.ca;065-crying-6.png;;3/1/19;4/19/20;D, C;25 61;922773;WAUEH48H68K095273;Cadillac;Eldorado;2004;1736;626;2;front-wheel drive
66;Dakota .Haney;Marguerite;!1270;}718764;946776;Rolla, MO 65401;;Siemens AG;Mason;(302 844/3480;scotfl@att.net;066-happy-7.png;;10/29/18;2/26/22;D, C;58 78;165905;WAUEH74F76N744161;Cadillac;Eldorado;1995;1490;628;2;front-wheel drive
67;Malia .Rivas;Louis;!3871;}532007;875661;697 Cypress Lane;;Citigroup;Veterinarian;(449 380/7477;jramio@optonline.net;067-sun.png;;4/22/19;12/14/22;D, C;72 42;458530;1J4RG4GK7AC818854;Cadillac;Eldorado;2000;1636;640;1;front-wheel drive
68;Lily .Green;Lynn;!9827;}633690;976908;Arlington Heights, IL 60004;;Amazon.com;Architect;(280 214/8022;mastinfo@gmail.com;068-father-2.png;;6/2/18;10/26/26;D, C;54 58;150506;KNADH4A36B6877082;Cadillac;Eldorado;2006;1753;670;1;front-wheel drive
69;Reilly .Nielsen;Marcella;!9350;}821275;836368;7762 North County St.;;AT&T;Accountant;(967 763/6475;ateniese@outlook.com;069-happy-6.png;;1/31/19;10/22/25;D, C;69 76;403371;3GYFNGEY9BS444647;Cadillac;Eldorado;2010;1419;671;2;front-wheel drive
70;Ryleigh .Brooks;Leonie;!2681;}769203;532086;Holly Springs, NC 27540;;Starbucks;School Counselor;(625 810/5235;ismail@hotmail.com;070-late.png;;3/26/19;5/16/27;D, C;45 65;502480;WP0AB2A87FK108949;Cadillac;Eldorado;2006;1791;690;1;full drive
71;Brendan .Ewing;Adele;!4152;}160995;626951;7773 Ridge Dr.;;Prada;Computer Support Specialist;+7.975) 483@5566;oechslin@optonline.net;071-heart.png;;10/1/18;4/3/25;D, C;56 47;346550;3VWML7AJXEM569531;Kia;Cee'd;1993;1472;793;1;front-wheel drive
72;Cheyenne .Kirk;Julian;!4306;}595389;40675;New Haven, CT 06511;;Gap Inc.;Historian;+7.718) 850@2518;jugalator@att.net;072-sick-3.png;;7/14/18;2/10/27;D, C;59 40;123897;WBSBR93493P275260;Kia;Cee'd;2010;1551;795;3;front-wheel drive
73;Jacoby .Rojas;Rose;!9367;}402446;7428;551 Spruce St.;;Kia Motors;Computer Hardware Engineer;+7.550) 645@2520;subir@verizon.net;073-sad-12.png;;11/3/18;9/19/23;D, C;75 67;880032;1G6DP567750890960;Kia;Cee'd;2009;1449;798;2;front-wheel drive
74;Keshawn .Cummings;Paul;!4536;}115339;249425;Mount Holly, NJ 08060;;Cisco Systems, Inc.;Designer;+7.551) 270@4620;bryam@verizon.net;074-in-love-10.png;;8/20/18;11/7/21;D, C;53 69;329732;1FTEW1CM3DF334371;Kia;Sephia;2005;1540;963;3;front-wheel drive
75;Mohammed .Crawford;Amelia;!8478;}213639;327248;116 Woodside St.;;Home Depot;Hairdresser;+7.489) 444@3438;jpflip@optonline.net;075-shocked-2.png;;1/30/19;1/19/24;D, C;42 65;754604;WAUDH78E47A363910;Kia;Sephia;1999;1736;101;2;full drive
76;Nancy .Bryan;Devon;!1871;}347268;990658;Bridgewater, NJ 08807;;Vodafone;Lawyer;+7.401) 862@1637;mgemmons@comcast.net;076-happy-5.png;;10/13/18;9/25/25;B;45 71;347925;1C4RJEAG6CC011603;Kia;Cerato / Spectra;2009;1692;107;1;front-wheel drive
77;Maxwell .Lynn;Ellory;!1567;}431190;707963;9817 Manor St.;;Hewlett-Packard;Real Estate Agent;+7.507) 625@4900;csilvers@icloud.com;077-shocked-1.png;;2/11/19;11/6/22;B;18 49;397861;1G6AB5SA9D0113584;Kia;Forte;1991;1665;110;3;front-wheel drive
78;Zack .Khan;Gabriel;!9952;}372202;670847;West Des Moines, IA 50265;;Herm_s;Customer Service Representative;+7.458) 566@0054;karasik@msn.com;078-cool-3.png;;8/14/18;1/30/21;B;97 55;409226;1N6BF0KM6FN922689;Kia;Forte / K3;1993;1725;116;1;full drive
79;Selina .Walls;Ashten;!8168;}514525;434380;9 Prince Street;;Oracle Corporation;Fitness Trainer;+7.979) 346@6593;wetter@yahoo.ca;079-crying-5.png;;7/10/18;2/22/21;B;17 61;996073;WA1YL64B34N831763;Kia;Forte / K3;1995;1710;118;1;front-wheel drive
80;Jerry .Garner;Everett;!8239;}393741;255295;Brookline, MA 02446;;Canon;Social Worker;+7.320) 547@9952;thassine@me.com;080-zombie.png;;10/17/18;7/20/23;B;88 60;686627;WBAUP9C58AV223509;Kia;Shuma;2011;1562;120;3;front-wheel drive
81;Kaila .Carroll;Grey;!2909;}822374;535063;549 Marvon St.;;KFC;Economist;+7.429) 809@1931;sassen@msn.com;081-pain.png;;10/31/18;1/19/28;B;33 68;892304;WAUHF98P96A724812;Kia;Concord;1991;1512;127;3;front-wheel drive
82;Sean .Conway;Garrison;!5367;}598823;325417;Dundalk, MD 21222;;General Electric;Writer;+7.464) 285@9954;jandrese@yahoo.ca;082-cyclops.png;;5/7/19;11/4/24;B;96 45;996326;1FTEX1CM1BF296018;Kia;Clarus;1992;1638;128;2;front-wheel drive
83;Makaila .Cantu;Fernando;!5298;}472573;825989;1 Theatre Drive;;BMW;Logistician;+7.748) 461@4491;tmccarth@live.com;083-sweat.png;;2/28/19;3/2/24;B;53 72;524117;3LNDL2L33CR462059;Kia;Magentis / Optima;2000;1609;129;2;front-wheel drive
84;Jacquelyn .Mccall;Sherleen;!3605;}373737;964951;Lumberton, NC 28358;;The Walt Disney Company;Environmental scientist;+7.578) 935@1637;gtewari@icloud.com;084-thief.png;;1/16/19;1/23/21;B;30 76;820189;19UUA66218A797800;Kia;Magentis / Optima;2003;1603;133;1;rear drive
85;Milton .Swanson;Chase;!8146;}691253;765391;673 Hamilton Road;;American Express;Patrol Officer;+7.927) 652@4631;hampton@yahoo.com;085-sad-11.png;;4/5/19;9/10/20;B;31 53;732792;ZFBCFACH5FZ996096;Kia;Magentis / Optima / K5;1995;1669;145;2;full drive
86;Rodolfo .Lynn;Zion;!7932;}623470;852333;Farmingdale, NY 11735;;Burberry;Plumber;+7.595) 615@6057;jesse@me.com;086-kiss-4.png;;5/31/18;7/30/24;B;27 54;500373;4T1BF1FK2EU831999;Kia;Magentis / Optima / K5;2015;1468;170;1;front-wheel drive
87;Paula .Walls;Breean;!7817;}774559;929343;9662 Bay Ave.;;Pizza Hut;Dancer;+7.751) 240@3137;jugalator@me.com;087-father-1.png;;9/18/18;4/24/22;B;97 52;660653;2G4WS55J341869989;Kia;Stinger;2006;1546;180;1;front-wheel drive
88;Adison .Olson;Henry;!4402;}114286;550100;Hamburg, NY 14075;;H&M;Pharmacist;+7.626) 974@2035;bhima@sbcglobal.net;088-father.png;;10/31/18;1/21/20;B;16 45;771049;1G6DN57U260742856;Kia;Potentia;1995;1608;201;2;front-wheel drive
89;Jacob .Haynes;Marcellus;!2794;}857949;735633;8604 Fairfield Ave.;;Heineken Brewery;Truck Driver;+7.201) 979@1451;gommix@comcast.net;089-angel-1.png;;8/4/18;1/17/27;B;64 45;186021;YV1382MW1A2097161;Kia;Potentia;1997;1757;202;1;front-wheel drive
90;Corinne .Roberts;Suzan;!7429;}823005;329850;Wisconsin Rapids, WI 54494;;PepsiCo;Medical Secretary;+7.493) 219@3942;symbolic@verizon.net;090-happy-4.png;;11/7/18;4/17/21;B;50 45;725156;WA1LMAFE9DD722859;Kia;Enterprise;2004;1505;203;3;full drive
91;Aimee .Ewing;Lane;!6306;}285690;230064;56 Vale St.;;Bank of America;Diagnostic Medical Sonographer;+7.407) 485@5030;bruck@outlook.com;091-sad-10.png;;4/14/19;7/18/22;B;29 65;213322;1FAHP3E28CL132877;Kia;Opirus / Amanti;2003;1651;204;2;front-wheel drive
92;Alejandro .Cordova;Hollyn;!9370;}315564;249749;Mount Juliet, TN 37122;;Nintendo;High School Teacher;+7.919) 478@2497;jeteve@optonline.net;092-outrage-1.png;;2/23/19;1/27/20;B;31 41;340685;WBAUP7C52BV069773;Kia;Cadenza / K7;1995;1675;210;3;front-wheel drive
93;Byron .Haynes;Bram;!1685;}42988;97229;9523 Linda Lane;;Johnson & Johnson;Marriage & Family Therapist;+7.482) 802@9580;jsnover@comcast.net;093-ugly-2.png;;2/6/19;10/17/19;B;60 71;733903;1ZVBP8JZ2D5191071;Kia;Cadenza / K7;1996;1459;215;3;front-wheel drive
94;Genevieve .Keith;David;!5467;}865823;316039;Tullahoma, TN 37388;;HSBC;Editor;+7.455) 944@6449;hakim@comcast.net;094-ugly-1.png;;5/27/18;9/29/23;B;54 49;298803;3C63D2GL5CG863137;Kia;Quoris / K9 / K900;2011;1576;217;3;front-wheel drive
95;Dane .Obrien;Shane;!9596;}712362;813449;3 Ashley Ave.;;Kellogg Company;Substance Abuse Counselor;+7.710) 388@2563;dexter@sbcglobal.net;095-scared.png;;8/5/18;11/16/22;B;71 58;321618;1G6KF57952U735337;Kia;Quoris / K9 / K900;1994;1421;223;1;full drive
96;Nayeli .Church;Kent;!9527;}410913;790714;Ann Arbor, MI 48103;;MasterCard;Public Relations Specialist;+7.759) 452@3846;jlbaumga@hotmail.com;096-tongue-2.png;;11/6/18;12/24/24;B;85 53;424706;5XYKT3A62FG416932;Kia;Elan;2000;1518;228;2;front-wheel drive
97;Ashtyn .Jimenez;Rhett;!6760;}404116;515537;9851 East Prince Street;;Gucci;Computer Systems Analyst;+7.687) 801@1332;djupedal@hotmail.com;097-sad-9.png;;2/6/19;6/19/19;B;29 63;456353;WBANV1C59AC580740;Kia;Venga;2012;1682;233;1;front-wheel drive
98;Kimberly .Wilkerson;Carelyn;!9484;}965470;262017;Dothan, AL 36301;;Mercedes-Benz;Preschool Teacher;+7.691) 336@3494;daveewart@verizon.net;098-nerd-9.png;;1/21/19;10/16/25;D1, D1E;57 59;552536;WAUFGAFC6DN013144;Kia;Carens;2006;1508;235;2;front-wheel drive
99;Tripp .Curtis;Apollo;!6426;}682782;201742;8329 North Greenview St.;;L'Or_al;Dentist;+7.493) 274@3888;msherr@sbcglobal.net;099-greed-2.png;;8/17/18;3/17/21;B;55 65;355405;3VWKX7AJ2DM808838;Kia;Carens / Rondo;1995;1475;236;3;front-wheel drive
100;Eleanor .Zavala;George;!3709;}656706;905558;Hartford, CT 06106;;Global Gillette;Teacher Assistant;+7.983) 470@4528;crusader@sbcglobal.net;100-whistle.png;;2/15/19;5/9/22;B;51 57;441335;1G6DJ1E37D0628461;Kia;Joice;1990;1768;245;2;front-wheel drive
101;Harper .Thomas;Jae;!4948;}205524;243277;215 Purple Finch Lane;;Coca-Cola;Musician;+7.436) 951@8996;mdielmann@sbcglobal.net;101-nerd-8.png;;1/13/19;8/29/25;B;59 49;144483;5FRYD4H97GB588815;Kia;Carnival / Sedona;1998;1737;276;2;front-wheel drive
102;Maximo .Stephenson;Dex;!8134;}605243;119462;Annapolis, MD 21401;;Harley-Davidson Motor Company;Paralegal;+7.210) 889@7840;ovprit@me.com;102-muted-4.png;;8/2/18;7/6/19;B;76 63;351410;SCBDU3ZA7CC107541;Kia;Carnival / Sedona;2005;1680;277;3;front-wheel drive
103;Kiara .James;Jeremy;!7133;}997003;791278;63 53rd Ave.;;Corona;Software Developer;+7.390) 499@7403;calin@att.net;103-in-love-9.png;;12/31/18;5/25/19;B;70 45;177463;3VWF17AT3FM605285;Kia;Carnival / Sedona;1991;1539;280;1;rear drive
104;Isabella .Fuller;Naomi;!4021;}304017;306011;Hagerstown, MD 21740;;Johnnie Walker;Zoologist;+7.805) 721@8540;thowell@yahoo.ca;104-in-love-8.png;;2/26/19;12/12/26;B;51 69;640455;1LNHL9DK8EG585379;Kia;Retona;2003;1757;286;3;front-wheel drive
105;Cynthia .Garrison;Matilda;!3516;}398883;21763;2 Greenrose Rd.;;SAP;Medical Assistant;+7.578) 220@5882;mpiotr@yahoo.com;105-kiss-3.png;;3/12/19;1/3/22;B;87 58;537518;JN8AZ2KR3DT115699;Kia;Stonic;2019;1725;295;2;front-wheel drive
106;Donte .Flowers;Brock;!8533;}684076;494549;Maspeth, NY 11378;;Smirnoff;Desktop publisher;+7.415) 631@8358;bester@gmail.com;106-in-love-7.png;;5/29/18;6/20/19;B;14 48;206175;JN1CV6FEXCM381103;Kia;Niro;2003;1698;301;3;front-wheel drive
107;Asia .Rivera;Carmden;!1618;}439727;262275;298 N. Hudson Court;;Toyota Motor Corporation;Actor;+7.900) 903@0657;imightb@gmail.com;107-ugly.png;;9/20/18;12/6/22;B;98 62;646552;1G6DH5E5XC0462438;Kia;Sportage;2017;1705;302;1;front-wheel drive
108;Trace .Hahn;Clelia;!2835;}991998;464652;Howell, NJ 07731;;Caterpillar Inc.;Sports Coach;+7.879) 442@6528;jschauma@icloud.com;108-nerd-7.png;;6/21/18;8/21/23;B;92 52;511894;TRURD38J381614210;Kia;Sportage;1993;1767;307;2;rear drive
109;Mohammed .Farley;Levi;!7748;}504230;200443;3 Peg Shop St.;;Avon;Dental Hygienist;+7.649) 374@4690;syrinx@gmail.com;109-nerd-6.png;;5/14/19;7/23/22;B;69 65;215700;4T1BD1FK6FU133645;Kia;Sportage;2018;1668;310;2;front-wheel drive
110;Nicholas .Velez;Dawn;!4853;}175687;971839;Bayonne, NJ 07002;;Budweiser Stag Brewing Company;School Psychologist;+7.487) 871@5975;konit@aol.com;110-crying-4.png;;2/28/19;4/7/27;B;53 44;602449;2T1BURHE4FC565514;Kia;Sorento;2011;1571;311;1;front-wheel drive
111;Jamir .Curtis;Tavian;!3983;}947212;30097;648 Hill Field St.;;IBM;Librarian;+7.503) 572@6773;wonderkid@hotmail.com;111-muted-3.png;;6/23/18;11/16/27;B;56 62;189864;5TDBW5G12FS063304;Kia;Sorento;2004;1783;340;3;front-wheel drive
112;Cyrus .Rose;Jacklyn;!7435;}360206;655574;South Richmond Hill, NY 11419;;Chase;Telemarketer;+7.709) 756@6389;pjacklam@verizon.net;112-nerd-5.png;;2/1/19;2/11/24;B;44 55;179449;WAULFAFR3DA033269;Kia;Sorento;2009;1659;345;1;front-wheel drive
113;Dakota .Torres;Cash;!4559;}179023;592365;477 Oakland Street;;NTT Data;Interpreter & Translator;+7.931) 652@7478;tokuhirom@live.com;113-kiss-2.png;;4/11/19;8/6/21;B;14 46;984592;1G6DK8ED9B0319764;Kia;Mohave / Borrego;1995;1720;370;1;front-wheel drive
114;Matias .Valencia;Reagan;!2102;}137023;279901;Lynnwood, WA 98037;;Intel Corporation;Food Scientist;+7.524) 449@7554;adillon@comcast.net;114-greed-1.png;;10/20/18;4/3/23;B;38 75;480183;3VW4A7AT6DM813925;Kia;Bongo;2017;1744;371;1;full drive
115;Rocco .Harding;Gwendolen;!2018;}304278;690136;4 Division Lane;;Sony;Marketing Manager;+7.347) 807@8932;bcevc@yahoo.ca;115-pirate-1.png;;11/4/18;1/13/28;B;45 48;143560;WVWAB7AJ0CW557264;Kia;Bongo Frontier;2017;1667;373;1;front-wheel drive
116;Maya .Clark;Evelyn;!4625;}441301;224776;Champlin, MN 55316;;Tesco Corporation;Insurance Agent;+7.675) 694@8839;crobles@me.com;116-music.png;;8/23/18;3/8/25;B;87 75;143198;4A31K2DF7BE138498;Kia;Bongo;2016;1745;110;3;front-wheel drive
117;Bryan#Hays;Wade;!8451;}370682;475381;8021 Shadow Brook Dr.;;Microsoft;Farmer;+7.779) 966@8126;tjensen@verizon.net;117-confused-2.png;;2/8/19;7/10/21;B;44 56;698959;JN1AZ4EH7AM509399;Volkswagen;Fusca;2008;1775;116;2;front-wheel drive
118;Jessie#Nelson;Jack;!7035;}527026;89070;Lancaster, NY 14086;;McDonald's;Human Resources Assistant;+7.791) 357@4942;gozer@icloud.com;118-nerd-4.png;;12/31/18;6/23/21;B;57 74;218810;2T3BFREV2EW071669;Volkswagen;Gol;1992;1779;118;1;front-wheel drive
119;Joy#Franklin;Warren;!2846;}798890;15158;7073 Hall Avenue;;VISA;Paramedic;+7.292) 662@7836;brbarret@yahoo.ca;119-greed.png;;8/5/18;7/5/26;B;73 72;870584;YV1612FH2D1519917;Volkswagen;Gol;2008;1769;120;3;front-wheel drive
120;Carlie#Lang;Rebecca;!9368;}90494;983441;West Babylon, NY 11704;;Zara;Automotive mechanic;+7.952) 374@4396;mcnihil@me.com;120-nerd-3.png;;12/9/18;5/20/23;B;24 62;735138;JH4KA96631C195497;Volkswagen;Gol;1990;1528;127;3;full drive
121;Issac#Hurley;Blanche;!7906;}721186;930722;985B Winding Way Dr.;;Morgan Stanley;Receptionist;+7.758) 849@9991;damian@yahoo.com;121-crying-3.png;;11/22/18;3/5/22;B;60 70;112930;WBAEK13597C722490;Volkswagen;Voyage / Fox;1991;1496;128;3;front-wheel drive
122;Ariel#Sims;Bailey;!9254;}479522;866890;South Windsor, CT 06074;;Mitsubishi;Construction Manager;+7.534) 687@2128;neonatus@aol.com;122-cheering.png;;12/11/18;1/13/22;B;45 76;922777;1GYS3HKJ9FR278172;Volkswagen;Voyage;2011;1420;129;2;front-wheel drive
123;Braedon#Delgado;Oliver;!3627;}384983;821333;570 Old Bayberry Street;;Audi;Physician;+7.642) 548@4829;tellis@icloud.com;123-surprised-6.png;;2/11/19;9/3/25;B;45 62;434160;WAUD2AFD1EN207208;Volkswagen;Parati;2013;1763;133;2;rear drive
124;Christian#Suarez;Lee;!5989;}222522;74910;Billerica, MA 01821;;eBay;Mathematician;+7.980) 531@5346;frode@live.com;124-muted-2.png;;2/12/19;8/12/21;B;80 67;198658;WAULL44E35N431957;Volkswagen;Parati;1992;1460;145;3;front-wheel drive
125;Lilah#Marks;Anthony;!3584;}358162;882011;9122 South Addison St.;;Ralph Lauren Corporation;Electrical Engineer;+7.628) 326@1104;sjava@aol.com;125-sick-2.png;;6/28/18;11/7/26;B;36 51;955678;KNAFU6A20B5806571;Volkswagen;Fox;2007;1526;170;1;front-wheel drive
126;Jeffrey#Rowland;Gillian;!4406;}46042;450845;East Lansing, MI 48823;;Wal-Mart;Physicist;+7.669) 335@7511;harryh@live.com;126-graduated.png;;5/23/18;1/26/19;B;56 73;570962;SAJWA2GTXEM305896;Volkswagen;Brasilia;1995;1771;180;3;front-wheel drive
127;Hannah#Jordan;Verena;!5511;}931653;233625;14 West Fifth St.;;Panasonic Corporation;Police Officer;+7.399) 344@8840;elflord@me.com;127-angry-2.png;;10/9/18;8/8/25;B;80 43;244787;WAULL44E95N690503;Volkswagen;Apollo;2017;1601;201;1;front-wheel drive
128;Peyton#Hinton;Benjamin;!8020;}284910;672826;Skokie, IL 60076;;Nike, Inc.;Maintenance & Repair Worker;+7.643) 676@5328;ramollin@mac.com;128-in-love-6.png;;6/6/18;2/8/28;B;61 43;360486;WAUGFAFC5DN926548;Volkswagen;Logus;1992;1663;202;1;front-wheel drive
129;Clayton#Forbes;Zachary;!8660;}236405;422773;7267 W. Roehampton St.;;Nissan Motor Co., Ltd.;Statistician;+7.535) 983@7587;kronvold@mac.com;129-cool-2.png;;2/13/19;5/11/28;B;77 64;593417;5TDBM5G19BS020076;Volkswagen;Pointer;2009;1594;203;2;front-wheel drive
130;Salvatore#Cabrera;Krystan;!7218;}277801;348484;Harrisonburg, VA 22801;;MTV;Epidemiologist;+7.310) 925@8844;louise@aol.com;130-confused-1.png;;6/25/18;11/10/20;B;78 69;300408;3N1AB6AP7BL573385;Volkswagen;Santana;1998;1515;204;2;front-wheel drive
131;Andre#Taylor;Felix;!4813;}710684;233687;82 Oak Meadow Dr.;;Cartier SA;Reporter;+7.457) 847@6033;nanop@verizon.net;131-sad-8.png;;2/15/19;7/14/27;B;92 61;564412;5XYZT3LB7FG893235;Volkswagen;Quantum;2013;1662;210;3;front-wheel drive
132;Kadin#Mcclain;Riley;!8704;}683064;28020;Cambridge, MA 02138;;Nescaf_;Elementary School Teacher;+7.330) 730@7648;gtewari@sbcglobal.net;132-nerd-2.png;;8/15/18;4/6/19;B;86 50;649001;JH4KC1F78EC530392;Volkswagen;SpaceFox / Suran / SportVan / Fox Plus;2004;1718;215;3;front-wheel drive
133;Jaida#Nichols;Lucinda;!9908;}341967;683123;864 Highland Drive;;Allianz;Childcare worker;+7.619) 883@4911;ylchang@mac.com;133-birthday-boy.png;;1/5/19;10/31/21;B;80 51;417594;2G4WE587581834383;Volkswagen;SP2;2004;1577;217;2;front-wheel drive
134;Reid#Church;Candice;!6752;}159699;228468;Alliance, OH 44601;;Ferrari S.p.A.;Loan Officer;+7.482) 744@7133;gommix@yahoo.com;134-surprised-5.png;;9/25/18;8/9/23;B;81 65;173583;WAUDF48H98K345526;Volkswagen;Saveiro;2008;1469;223;1;front-wheel drive
135;Karley#Harrington;Kathryn;!8059;}911426;882058;9465 St Paul Avenue;;Kleenex;Drafter;+7.369) 537@4704;uncle@sbcglobal.net;135-selfie.png;;9/19/18;5/20/27;B;61 63;107404;WBA3G7C54EF309612;Volkswagen;Saveiro;2008;1453;228;1;front-wheel drive
136;Beau#Rivers;Lillian;!8452;}55461;577380;Massillon, OH 44646;;Tiffany & Co.;Cost Estimator;+7.540) 239@8104;smcnabb@live.com;136-tongue-1.png;;11/14/18;2/12/26;B;64 55;604567;1G6DD8E31E0169171;BMW;New Class 1602, 1802, 2002;2016;1633;233;1;rear drive
137;Riley#Bentley;Hugh;!4452;}331700;279775;7651 South La Sierra Dr.;;3M;Clinical Laboratory Technician;+7.863) 714@2111;shrapnull@aol.com;137-smart-1.png;;12/16/18;12/19/26;B;41 77;152038;YV1902FH3D1001332;BMW;3-Series;2019;1797;235;3;front-wheel drive
138;Ellis#Choi;Julina;!3520;}765331;185983;Centreville, VA 20120;;Shell Oil Company;Electrician;+7.839) 694@4168;djpig@sbcglobal.net;138-smart.png;;8/30/18;12/18/23;B;47 75;631972;3N1CN7AP5FL866147;BMW;3-Series, M3;2006;1706;236;2;front-wheel drive
139;Jaylyn#Leon;Ellison;!8629;}761047;629180;3 Alton Lane;;Adobe Systems;Referee;+7.983) 868@6473;oechslin@hotmail.com;139-surprised-4.png;;6/24/18;3/28/19;B;58 56;389246;YV4902NC8F1531985;BMW;3-Series, M3;2014;1685;245;3;front-wheel drive
140;Drew#Mayer;Carlen;!2381;}911641;336638;Glen Allen, VA 23059;;IKEA;Judge;+7.325) 574@7514;xnormal@verizon.net;140-3d-glasses.png;;2/17/19;6/24/23;B;56 65;672465;KL4CJFSB9FB654370;BMW;3-Series, M3;1993;1664;276;2;front-wheel drive
141;Ashleigh#Walters;Claude;!3634;}590673;418814;9441 W. Pineknoll Drive;;Nokia;Security Guard;+7.921) 683@0258;atmarks@icloud.com;141-in-love-5.png;;9/1/18;6/2/19;B;13 52;375141;JN1BV7APXFM374795;BMW;3-Series, M3;1994;1756;277;2;front-wheel drive
142;Scott#Dickerson;Arden;!5913;}725569;579121;Florence, SC 29501;;Sprite;Budget analyst;+7.503) 446@7180;makarow@comcast.net;142-sleeping.png;;10/13/18;9/2/23;B;95 80;672343;WAUAFAFH7EN465064;BMW;3-Series, M3;2000;1534;280;2;front-wheel drive
143;Kolton#Knight;Miriam;!7702;}344201;254837;7070 Shady Street;;Xerox;Painter;+7.467) 243@5219;raides@yahoo.com;143-pirate.png;;10/25/18;4/14/28;B;94 60;114388;WAUVC68E33A401568;BMW;4-Series, M4;2006;1716;286;2;front-wheel drive
144;Izabelle#Boyle;Naveen;!2262;}625946;196936;Lewiston, ME 04240;;Samsung Group;Occupational Therapist;+7.633) 700@7724;hwestiii@mac.com;144-santa-claus.png;;9/24/18;6/26/22;B;79 46;834138;KMHTC6AD4EU662541;BMW;3-Series, M3;2000;1610;295;3;front-wheel drive
145;Haylie#Singleton;Sue;!1646;}243340;134470;146 East Bank Street;;Google;Physical Therapist;+7.632) 874@7209;scitext@gmail.com;145-wink.png;;10/7/18;3/25/23;B;41 60;943122;5UXFG43539L241999;BMW;4-Series, M4;2012;1597;301;1;front-wheel drive
146;Sariah#Lin;Olive;!2153;}460491;905724;Billings, MT 59101;;Louis Vuitton;Photographer;+7.368) 599@1877;gward@yahoo.ca;146-in-love-4.png;;1/30/19;12/12/24;B;93 58;978442;1GYS3FEJ8CR664092;BMW;3-Series GT;1996;1701;302;1;front-wheel drive
147;Chace#Spears;Elodie;!3126;}716773;124048;8723 Cedar Swamp Drive;;Apple Inc.;Cashier;+7.324) 886@1499;bockelboy@outlook.com;147-tired.png;;2/11/19;2/26/28;B;75 77;669648;WBAKN9C51FD688174;BMW;New Class 1500, 1600, 1800, 2000;2008;1691;307;3;front-wheel drive
148;Liam#Frazier;Korin;!8828;}972758;885712;Norman, OK 73072;;Verizon Communications;Educator;+7.374) 356@4166;tubesteak@comcast.net;148-bang.png;;1/26/19;10/29/25;B;89 63;563046;5NMSG3AB7AH234028;BMW;5-Series;2007;1447;310;3;front-wheel drive
149;Joseph#Stokes;William;!8114;}880420;561214;8419 E. Harvey Drive;;Credit Suisse;Professional athlete;+7.868) 982@2419;krueger@mac.com;149-baby.png;;6/17/18;12/10/25;B;85 59;935502;SALAB2V67FA465605;BMW;5-Series, M5;2008;1723;311;1;front-wheel drive
150;Lorelei#Hurley;Coralie;!8085;}811955;969805;Groton, CT 06340;;Wells Fargo;Janitor;+7.781) 785@5837;skaufman@optonline.net;150-tongue.png;;3/21/19;10/17/20;B;56 47;618832;JN1CY0APXAM160384;BMW;5-Series, M5;2007;1722;340;2;front-wheel drive
151;Miguel#Leon;Haiden;!1318;}208906;140377;179 Manchester St.;;Yahoo!;Massage Therapist;(489) 361-6374;tezbo@live.com;151-sick-1.png;;11/29/18;1/20/22;B;18 44;286148;WBAUP7C58DV367411;BMW;5-Series, M5;2007;1622;345;2;front-wheel drive
152;Melina#Hamilton;Isaac;!3115;}642377;74940;Chelmsford, MA 01824;;Porsche;Psychologist;(872) 856-7001;crowl@icloud.com;152-outrage.png;;3/14/19;6/13/24;B;15 42;848910;WAUAFAFL0FN838290;BMW;5-Series, M5;2017;1725;370;2;front-wheel drive
153;Serena#Duke;Arthur;!5150;}553212;190255;70 Cambridge Ave.;;Mo_t et Chandon;IT Manager;(812) 814-4854;plover@hotmail.com;153-injury.png;;9/26/18;12/14/19;B;86 48;153332;1LNHL9EK9FG365197;BMW;5-Series, M5;2015;1456;371;3;front-wheel drive
154;Kristen#Dillon;Kylie;!4169;}626192;521443;Durham, NC 27703;;Hyundai;Anthropologist;(803) 510-4214;calin@aol.com;154-dead.png;;2/25/19;12/23/27;B;21 64;281543;YV1672MK0D2114467;BMW;5-Series, M5;2004;1480;373;2;front-wheel drive
155;Saniyah#Hawkins;Josiah;!7466;}33192;845900;566 S. Cherry Street;;Honda Motor Company, Ltd;Executive Assistant;(869) 369-9524;timtroyr@live.com;155-rich-1.png;;10/17/18;6/24/19;B;44 65;689019;WAUKG98E56A006286;BMW;5-Series GT;2009;1481;377;2;front-wheel drive
156;Thalia#Leach;Nicolas;!2646;}768816;584534;Forney, TX 75126;;Beko;Artist;(464) 585-3155;keutzer@yahoo.com;156-sick.png;;10/13/18;12/1/22;B;63 73;339944;SAJWA4EB7EL432469;BMW;6-Series GT;2004;1438;383;1;front-wheel drive
157;Irene#Caldwell;Noah;!5732;}336554;660042;83 NE. Hill Dr.;;Deere & Company;Mechanical Engineer;(703) 958-7186;thurston@outlook.com;157-angel.png;;1/4/19;10/22/20;B;80 43;838745;3LNHL2GC0AR226381;BMW;New Six CS;1992;1611;385;3;front-wheel drive
158;Nikhil#Bowen;Glenn;!5254;}555116;207488;Norwood, MA 02062;;Volkswagen Group;Firefighter;(515) 615-0912;mbalazin@att.net;158-nerd-1.png;;12/31/18;8/9/26;B;41 74;833772;WAUVFAFH7BN873285;BMW;X4;2006;1581;387;1;front-wheel drive
159;Jolie#Charles;Matteo;!3285;}403999;586366;556 Summerhouse Street;;Pampers;Carpenter;(854) 941-5210;dkasak@gmail.com;159-crying-2.png;;3/16/19;5/7/23;Tb;70 53;197719;SALAG2D47AA801263;BMW;X5;1993;1527;399;3;front-wheel drive
160;Xavier#Baxter;Joseph;!1373;}588622;962553;Nottingham, MD 21236;;BlackBerry;Actuary;(380) 573-4186;esbeck@comcast.net;160-crying-1.png;;12/24/18;1/15/25;B;53 47;642355;WBSWD9C57AP228332;BMW;X5;2007;1426;403;1;front-wheel drive
161;Lukas#Dean;Ellice;!1890;}691040;594473;9750 Hawthorne Ave.;;Jack Daniel's;Compliance Officer;(297) 369-0265;novanet@aol.com;161-muted-1.png;;8/12/18;2/10/22;B;39 45;599900;1FTWW3B53AE587413;BMW;X5;2007;1674;406;3;rear drive
162;Athena#King;Lilibeth;!3307;}217825;236159;Muskogee, OK 74403;;Facebook, Inc.;Computer Systems Administrator;(671) 293-5634;mhouston@me.com;162-surprised-3.png;;1/7/19;9/12/23;B;99 70;313651;4USBU53567L936239;BMW;X6;1991;1596;408;1;front-wheel drive
163;Adan#Noble;Bree;!3286;}297169;238674;97 Elmwood Street;;United Parcel Service;HR Specialist;(305) 214-6934;bahwi@yahoo.com;163-crying.png;;1/6/19;1/9/26;B;53 78;482016;1FTWF3D57AE486873;BMW;X6;2014;1656;415;3;front-wheel drive
164;Kiley#Pham;Madeleine;!2401;}289619;924581;Seymour, IN 47274;;Adidas;Recreation & Fitness Worker;(812) 919-9643;chrisj@outlook.com;164-sad-7.png;;5/18/19;5/30/25;B;82 47;608653;2G4WD582261511218;BMW;X7;1994;1731;416;3;front-wheel drive
165;Steven#Johnston;Kai;!8507;}252786;812525;308 Studebaker Drive;;Siemens AG;Financial Advisor;(754) 769-3349;louise@gmail.com;165-cool-1.png;;3/1/19;8/9/19;B;32 76;726052;WBAGN83515D855874;Cadillac;Cimarron;2005;1763;417;3;front-wheel drive
166;Ayana#Hart;Dash;!9342;}187671;123262;Algonquin, IL 60102;;Citigroup;Auto Mechanic;(206) 323-2722;qrczak@me.com;166-happy-3.png;;10/29/18;4/18/26;B;10 56;710506;2C3CDXL97FH493561;Cadillac;BLS;2000;1454;215;1;rear drive
167;Aileen#Copeland;Seth;!1067;}401389;840534;15 Marsh St.;;Amazon.com;Web Developer;(273) 495-7160;arachne@hotmail.com;167-thinking-1.png;;4/22/19;5/7/27;B;44 47;857224;WAUKD78P89A662503;Cadillac;ATS;1994;1450;217;3;front-wheel drive
168;Emery#Pitts;Eli;!2273;}445653;327317;Garden City, NY 11530;;AT&T;Civil Engineer;(463) 932-3808;mfburgo@icloud.com;168-muted.png;;6/2/18;1/3/22;B;15 44;216181;JM3TB2MA6A0887683;Cadillac;ELR;2014;1675;223;3;front-wheel drive
169;Vicente#Chavez;Bernice;!6403;}754163;917835;8614 Charles Street;;Starbucks;Chemist;(551) 789-0645;karasik@att.net;169-confused.png;;1/31/19;1/25/28;B;90 60;267003;5TDBK3EH2BS734111;Cadillac;Catera;2019;1567;228;2;front-wheel drive
170;Cherish#Monroe;Vanessa;!3912;}930948;254859;Wake Forest, NC 27587;;Prada;Recreational Therapist;(574) 759-7866;hauma@icloud.com;170-happy-2.png;;3/26/19;3/24/26;B;25 57;211673;WBABV13466J082217;Cadillac;CTS;1993;1499;233;1;front-wheel drive
171;Karley#Petersen;Rory;!4008;}604291;450994;57 Gulf Avenue;;Gap Inc.;Microbiologist;(852) 802-5653;scitext@me.com;171-thinking.png;;10/1/18;6/21/27;B;72 63;140335;WBAPM7C57AE459062;Cadillac;CTS;2007;1696;235;1;front-wheel drive
172;Alondra#Le;Clark;!3059;}930219;301844;South Lyon, MI 48178;;Kia Motors;Event Planner;(342) 453-0606;matthijs@live.com;172-nerd.png;;7/14/18;12/25/25;B;81 46;112671;2FMPK3K98FB482688;Cadillac;CTS;2007;1678;236;2;front-wheel drive
173;Dorian#Bird;Judd;!5208;}664172;833457;694 Linden St.;;Cisco Systems, Inc.;Coach;(434) 574-4540;bryam@icloud.com;173-in-love-3.png;;11/3/18;1/9/25;B;53 72;121874;WAUKFAFL5EA281418;Cadillac;Series 60;2005;1442;245;1;front-wheel drive
174;Karley#Goodwin;Noel;!6338;}777372;522008;Missoula, MT 59801;;Home Depot;Radiologic Technologist;(425) 783-2253;tellis@att.net;174-hypnotized.png;;8/20/18;4/3/23;B;38 55;988267;WAUVT68E94A410180;Cadillac;Series 61;2009;1663;276;2;front-wheel drive
175;Killian#Davidson;Janetta;!8029;}73589;357874;8440 Lyme St.;;Vodafone;Market Research Analyst;(889) 449-4391;makarow@verizon.net;175-cool.png;;1/30/19;5/27/27;B;93 66;407687;2B3CK2CV1AH775495;Cadillac;Series 61;2002;1526;277;2;front-wheel drive
176;Ava#Melton;Annabel;!1788;}509266;809566;Zeeland, MI 49464;;Hewlett-Packard;Housekeeper;(825) 301-8250;citadel@msn.com;176-shocked.png;;10/13/18;7/7/26;B;71 50;321250;1HGCR2E55EA286661;Cadillac;Series 61;1992;1523;280;3;front-wheel drive
177;Adam#Horton;Blake;!2735;}502335;933854;7632 Oakwood Rd.;;Herm_s;Computer Programmer;(397) 334-2086;jaxweb@me.com;177-easter.png;;2/11/19;9/3/20;B;55 48;283081;JH4CU2F68BC631071;Cadillac;Series 61;1994;1770;286;2;front-wheel drive
178;Jaydin#Singh;Jordon;!7540;}934686;651032;Pembroke Pines, FL 33028;;Oracle Corporation;Secretary;(241) 570-3040;mcsporran@aol.com;178-surprised-2.png;;8/14/18;12/15/20;B;18 41;954617;2HNYB1H68DH924015;Cadillac;Series 65;1992;1773;295;3;front-wheel drive
179;Lexie#Mckinney;Charles;!9803;}515191;938289;881 Temple St.;;Canon;Bus Driver;(713) 462-8265;tubesteak@mac.com;179-surprised-1.png;;7/10/18;5/4/21;B;72 60;808111;1FTEW1E86AF818093;Cadillac;Series 62;1995;1437;301;1;front-wheel drive
180;Niko#Calderon;Troy;!7220;}353462;163048;South El Monte, CA 91733;;KFC;Systems Analyst;(854) 822-2331;kludge@verizon.net;180-surprised.png;;10/17/18;1/8/21;B;88 53;584291;3C6TD4HTXCG839880;Cadillac;Series 62;2017;1488;302;3;front-wheel drive
181;Terrence#Acevedo;Viola;!9575;}262338;906781;9591 Honey Creek St.;;General Electric;Chef;(439) 713-6117;lahvak@hotmail.com;181-furious.png;;10/31/18;9/2/26;B;51 42;920836;WVGAV7AX3BW390470;Cadillac;Series 62;2011;1493;307;1;front-wheel drive
182;Madisyn#May;Byron;!7751;}986773;13897;Webster, NY 14580;;BMW;Registered Nurse;(230) 906-8815;raides@sbcglobal.net;182-sad-6.png;;5/7/19;10/16/25;B;52 74;843119;WAUUL78E45A200167;Cadillac;Escalade;1998;1532;310;1;front-wheel drive
183;Jadon#Ponce;Doran;!9853;}763831;457951;7018 Pilgrim Street;;The Walt Disney Company;Surveyor;(598) 895-2899;gfxguy@aol.com;183-sad-5.png;;2/28/19;10/12/27;B;87 69;608724;JTMHY7AJ9B4091499;Cadillac;Allant_;2012;1694;311;3;front-wheel drive
184;Jaylen#Thornton;Tobias;!2868;}392150;998746;Bismarck, ND 58501;;American Express;Urban Planner;(429) 678-1872;krueger@msn.com;184-sad-4.png;;1/16/19;2/23/24;B;22 78;602987;SAJWA0FS8FP468222;Cadillac;XLR;2007;1614;340;1;front-wheel drive
185;Brendan#Kelly;Damien;!7019;}883500;537973;697 Westminster St.;;Burberry;Middle School Teacher;(276) 750-1655;shang@yahoo.ca;185-sad-3.png;;4/5/19;6/14/19;B;29 60;390525;JM1NC2LF9D0043475;Kia;Picanto;1999;1483;345;2;front-wheel drive
186;Helena#Houston;Murphy;!1529;}516117;374799;Harleysville, PA 19438;;Pizza Hut;Speech-Language Pathologist;(805) 953-2020;kalpol@comcast.net;186-angry-1.png;;5/31/18;7/24/25;B;79 56;112224;1GD422CGXEF170253;Kia;Picanto;1990;1579;370;1;front-wheel drive
187;Madalyn@Moon;Carleen;!7513;}42100;519988;959 Birchpond St.;;H&M;Personal Care Aide;(611) 670-2147;kildjean@msn.com;187-rich.png;;9/18/18;8/26/20;B;11 56;742127;JN1BV7APXFM590680;Kia;Picanto;2003;1762;371;2;front-wheel drive
188;Marcelo@Johns;Louisa;!5292;}664723;936784;Euless, TX 76039;;Heineken Brewery;Database administrator;(242) 487-7082;treeves@comcast.net;188-sad-2.png;;10/31/18;8/29/21;B;52 42;884090;JHMZF1C46CS958531;Kia;Pride;1992;1572;373;2;front-wheel drive
189;Jay@Campos;Georgina;!1446;}216584;901170;67 Pumpkin Hill Lane;;PepsiCo;Database administrator;(939) 641-7992;timtroyr@icloud.com;189-happy-1.png;;8/4/18;8/15/23;B;89 58;989847;WAUGGAFR1DA366441;Kia;Pride;2005;1753;377;2;front-wheel drive
190;Khalil@Sullivan;Rylie;!6353;}693874;525378;Yorktown Heights, NY 10598;;Bank of America;Landscaper & Groundskeeper;(669) 482-2353;world@att.net;190-sad-1.png;;11/7/18;9/23/22;B;40 46;106016;WA1WMAFE2DD971257;Kia;Rio;1999;1487;383;3;front-wheel drive
191;Nikhil@Merritt;Claudia;!8638;}615943;809450;5 NE. Newcastle Drive;;Nintendo;Court Reporter;(801) 814-0510;kspiteri@icloud.com;191-sad.png;;4/14/19;3/6/24;B;87 66;120201;WA1AV94L37D000070;Kia;Rio;2016;1702;385;2;front-wheel drive
192;Blaine@Melendez;Vivian;!5428;}298274;921280;Ithaca, NY 14850;;Johnson & Johnson;Bookkeeping clerk;(362) 338-4199;rtanter@att.net;192-smile.png;;2/23/19;1/25/21;B;90 65;677102;WVWAA7AJ5CW398762;Kia;Rio;2014;1587;301;2;front-wheel drive
193;Clayton@Munoz;Caylen;!8862;}885055;225076;94 Longbranch St.;;HSBC;Landscape Architect;(897) 655-0021;twoflower@mac.com;193-in-love-2.png;;2/6/19;5/26/19;B;70 72;962735;1G6AP5SX1E0768734;Kia;Rio;2001;1713;302;3;front-wheel drive
194;Khalil@Montgomery;Eloise;!2574;}326715;276634;Mount Prospect, IL 60056;;Kellogg Company;College Professor;(710) 859-3522;howler@msn.com;194-happy.png;;5/27/18;6/3/25;B;85 80;622744;WBAWV13557P451979;Kia;Soul;1993;1560;307;2;front-wheel drive
195;Bruce@Medina;Elein;!7843;}990305;242952;566 Gulf St.;;MasterCard;Respiratory Therapist;(612) 934-2623;yfreund@sbcglobal.net;195-kiss-1.png;;8/5/18;4/10/20;B;82 46;115947;1G6DA1E30E0416888;Kia;Soul;2010;1506;310;2;front-wheel drive
196;Lesly@Landry;Gregory;!5688;}765287;140550;Wantagh, NY 11793;;Gucci;Mason;(896) 396-9500;nogin@msn.com;196-in-love-1.png;;11/6/18;12/10/21;B;19 74;705660;SALFR2BG8FH292196;Kia;Avella;2017;1769;311;2;front-wheel drive
197;Alyson@Hartman;Lee;!7217;}461000;925983;518 Clinton Ave.;;Mercedes-Benz;Veterinarian;(533) 891-1018;onestab@live.com;197-in-love.png;;2/6/19;12/26/26;B;39 46;518387;TRUDD38J481844056;Kia;Cee'd;2015;1567;340;1;front-wheel drive
198;Ellen@Contreras;Fawn;!1559;}96165;783035;Encino, CA 91316;;L'Or_al;Architect;(309) 279-3798;lcheng@mac.com;198-kiss.png;;1/21/19;12/18/22;B;63 60;909624;WDDHH8HB5BA767975;Kia;Cee'd;1997;1788;345;1;front-wheel drive
199;Sofia@Barr;Kingston;!3480;}736537;897782;370 Ashley Lane;;KFC;Accountant;(483) 664-9876;bdthomas@yahoo.com;199-angry.png;;8/17/18;1/28/28;B;33 65;198629;WA1CV74LX9D994734;Kia;Cee'd;2019;1784;370;2;front-wheel drive
200;Joyce@Wilkerson;Payten;!6440;}241468;838036;Wausau, WI 54401;;General Electric;School Counselor;(765) 461-9730;hoangle@optonline.net;200-sleepy.png;;2/15/19;9/2/25;B;75 68;533909;1FTSX2A58AE041570;Kia;Sephia;1996;1651;371;2;front-wheel drive
;;;;;;;;;;;;;;;;;;;;;;;;;;
;;;;;;;;;;;;;;;;;;;;;;;;;;
;;;;;;;;;;;;;;;;;;;;;;;;;;